"Country","Continent","Human Development Groups","Year","Inequality"
"Afghanistan","Asia","Low",2010,10.767
"Afghanistan","Asia","Low",2011,10.767
"Afghanistan","Asia","Low",2012,10.767
"Angola","Africa","Medium",2010,24.454
"Angola","Africa","Medium",2011,28.94534
"Angola","Africa","Medium",2012,28.94534
"Angola","Africa","Medium",2013,28.94534
"Angola","Africa","Medium",2014,28.94534
"Angola","Africa","Medium",2015,28.94534
"Angola","Africa","Medium",2016,28.87733
"Angola","Africa","Medium",2017,28.87733
"Angola","Africa","Medium",2018,28.87733
"Angola","Africa","Medium",2019,28.87733
"Angola","Africa","Medium",2020,28.87733
"Angola","Africa","Medium",2021,28.87733
"Albania","Europe","High",2010,18.33096
"Albania","Europe","High",2011,18.33096
"Albania","Europe","High",2012,12.23739254
"Albania","Europe","High",2013,12.23739254
"Albania","Europe","High",2014,12.23739254
"Albania","Europe","High",2015,12.23739254
"Albania","Europe","High",2016,12.23739254
"Albania","Europe","High",2017,12.23739254
"Albania","Europe","High",2018,13.17898
"Albania","Europe","High",2019,13.17898
"Albania","Europe","High",2020,13.17898
"Albania","Europe","High",2021,13.17898
"Argentina","America","Very High",2010,28.898242
"Argentina","America","Very High",2011,27.705847
"Argentina","America","Very High",2012,26.45734
"Argentina","America","Very High",2013,25.898772
"Argentina","America","Very High",2014,26.390125
"Argentina","America","Very High",2015,25.531354
"Argentina","America","Very High",2016,26.977223
"Argentina","America","Very High",2017,25.978698
"Argentina","America","Very High",2018,26.405909
"Argentina","America","Very High",2019,28.099767
"Argentina","America","Very High",2020,28.099767
"Argentina","America","Very High",2021,28.099767
"Armenia","Asia","High",2010,14.25436
"Armenia","Asia","High",2011,14.25436
"Armenia","Asia","High",2012,14.25436
"Armenia","Asia","High",2013,14.25436
"Armenia","Asia","High",2014,14.25436
"Armenia","Asia","High",2015,14.25436
"Armenia","Asia","High",2016,17.43837
"Armenia","Asia","High",2017,17.43837
"Armenia","Asia","High",2018,17.43837
"Armenia","Asia","High",2019,17.43837
"Armenia","Asia","High",2020,17.43837
"Armenia","Asia","High",2021,17.43837
"Australia","Oceania","Very High",2010,17.7
"Australia","Oceania","Very High",2011,17.7
"Australia","Oceania","Very High",2012,17.7
"Australia","Oceania","Very High",2013,17.7
"Australia","Oceania","Very High",2014,17.296
"Australia","Oceania","Very High",2015,17.296
"Australia","Oceania","Very High",2016,17.134
"Australia","Oceania","Very High",2017,17.134
"Australia","Oceania","Very High",2018,17.126
"Australia","Oceania","Very High",2019,17.126
"Australia","Oceania","Very High",2020,17.126
"Australia","Oceania","Very High",2021,17.126
"Austria","Europe","Very High",2010,12.69666
"Austria","Europe","Very High",2011,13.84098
"Austria","Europe","Very High",2012,15.4998
"Austria","Europe","Very High",2013,15.50253
"Austria","Europe","Very High",2014,14.165
"Austria","Europe","Very High",2015,13.61598
"Austria","Europe","Very High",2016,14.77588
"Austria","Europe","Very High",2017,15.90224
"Austria","Europe","Very High",2018,13.39422
"Austria","Europe","Very High",2019,13.39422
"Austria","Europe","Very High",2020,14.93291
"Austria","Europe","Very High",2021,14.93291
"Azerbaijan","Asia","High",2011,8.859
"Azerbaijan","Asia","High",2012,8.859
"Azerbaijan","Asia","High",2013,8.859
"Azerbaijan","Asia","High",2014,8.859
"Azerbaijan","Asia","High",2015,8.859
"Azerbaijan","Asia","High",2016,8.859
"Azerbaijan","Asia","High",2017,8.859
"Azerbaijan","Asia","High",2018,8.859
"Azerbaijan","Asia","High",2019,8.859
"Azerbaijan","Asia","High",2020,8.859
"Azerbaijan","Asia","High",2021,8.859
"Burundi","Africa","Low",2010,13.24395
"Burundi","Africa","Low",2011,13.24395
"Burundi","Africa","Low",2012,14.14229
"Burundi","Africa","Low",2013,14.14229
"Burundi","Africa","Low",2014,14.14229
"Burundi","Africa","Low",2015,14.14229
"Burundi","Africa","Low",2016,14.14229
"Burundi","Africa","Low",2017,20.92933
"Burundi","Africa","Low",2018,20.92933
"Burundi","Africa","Low",2019,20.92933
"Burundi","Africa","Low",2020,20.92933
"Burundi","Africa","Low",2021,20.92933
"Belgium","Europe","Very High",2010,11.92822
"Belgium","Europe","Very High",2011,12.29837
"Belgium","Europe","Very High",2012,12.29837
"Belgium","Europe","Very High",2013,11.92036
"Belgium","Europe","Very High",2014,12.25388
"Belgium","Europe","Very High",2015,12.25388
"Belgium","Europe","Very High",2016,12.03734
"Belgium","Europe","Very High",2017,11.39067
"Belgium","Europe","Very High",2018,11.00229
"Belgium","Europe","Very High",2019,11.00229
"Belgium","Europe","Very High",2020,10.30447
"Belgium","Europe","Very High",2021,10.30447
"Benin","Africa","Low",2010,23.61438
"Benin","Africa","Low",2011,29.39195
"Benin","Africa","Low",2012,29.39195
"Benin","Africa","Low",2013,29.39195
"Benin","Africa","Low",2014,30.29266
"Benin","Africa","Low",2015,30.29266
"Benin","Africa","Low",2016,30.29266
"Benin","Africa","Low",2017,31.97436
"Benin","Africa","Low",2018,31.97436
"Benin","Africa","Low",2019,31.97436
"Benin","Africa","Low",2020,31.97436
"Benin","Africa","Low",2021,31.97436
"Burkina Faso","Africa","Low",2010,24.18928
"Burkina Faso","Africa","Low",2011,24.18928
"Burkina Faso","Africa","Low",2012,24.18928
"Burkina Faso","Africa","Low",2013,24.18928
"Burkina Faso","Africa","Low",2014,17.31173505
"Burkina Faso","Africa","Low",2015,17.31173505
"Burkina Faso","Africa","Low",2016,17.31173505
"Burkina Faso","Africa","Low",2017,17.31173505
"Burkina Faso","Africa","Low",2018,17.31173505
"Burkina Faso","Africa","Low",2019,17.31173505
"Burkina Faso","Africa","Low",2020,17.31173505
"Burkina Faso","Africa","Low",2021,17.31173505
"Bangladesh","Asia","Medium",2011,28.26605
"Bangladesh","Asia","Medium",2012,28.26605
"Bangladesh","Asia","Medium",2013,28.26605
"Bangladesh","Asia","Medium",2014,15.65692
"Bangladesh","Asia","Medium",2015,15.65692
"Bangladesh","Asia","Medium",2016,15.65692
"Bangladesh","Asia","Medium",2017,15.65692
"Bangladesh","Asia","Medium",2018,15.24444
"Bangladesh","Asia","Medium",2019,16.55655
"Bangladesh","Asia","Medium",2020,16.55655
"Bangladesh","Asia","Medium",2021,16.55655
"Bulgaria","Europe","High",2010,15.4492
"Bulgaria","Europe","High",2011,18.79969
"Bulgaria","Europe","High",2012,17.7552
"Bulgaria","Europe","High",2013,18.24153
"Bulgaria","Europe","High",2014,19.95693
"Bulgaria","Europe","High",2015,21.42273
"Bulgaria","Europe","High",2016,22.19231
"Bulgaria","Europe","High",2017,23.90426
"Bulgaria","Europe","High",2018,21.61938
"Bulgaria","Europe","High",2019,21.61938
"Bulgaria","Europe","High",2020,23.00311
"Bulgaria","Europe","High",2021,23.00311
"Bosnia and Herzegovina","Europe","High",2011,16.69773918
"Bosnia and Herzegovina","Europe","High",2012,20.16037
"Bosnia and Herzegovina","Europe","High",2013,20.16037
"Bosnia and Herzegovina","Europe","High",2014,20.16037
"Bosnia and Herzegovina","Europe","High",2015,20.16037
"Bosnia and Herzegovina","Europe","High",2016,20.16037
"Bosnia and Herzegovina","Europe","High",2017,20.16037
"Bosnia and Herzegovina","Europe","High",2018,20.16037
"Bosnia and Herzegovina","Europe","High",2019,20.16037
"Bosnia and Herzegovina","Europe","High",2020,20.16037
"Bosnia and Herzegovina","Europe","High",2021,20.16037
"Belarus","Europe","Very High",2010,12.02035035
"Belarus","Europe","Very High",2011,10.91539614
"Belarus","Europe","Very High",2012,10.78175
"Belarus","Europe","Very High",2013,10.78175
"Belarus","Europe","Very High",2014,10.83848169
"Belarus","Europe","Very High",2015,10.83848169
"Belarus","Europe","Very High",2016,10.83848169
"Belarus","Europe","Very High",2017,10.83848169
"Belarus","Europe","Very High",2018,10.83848169
"Belarus","Europe","Very High",2019,9.64549
"Belarus","Europe","Very High",2020,9.64549
"Belarus","Europe","Very High",2021,9.64549
"Belize","America","Medium",2011,37.92633
"Belize","America","Medium",2012,37.92633
"Belize","America","Medium",2013,37.92633
"Belize","America","Medium",2014,37.92633
"Belize","America","Medium",2015,37.92633
"Belize","America","Medium",2016,37.92633
"Belize","America","Medium",2017,37.92633
"Belize","America","Medium",2018,37.92633
"Belize","America","Medium",2019,37.92633
"Belize","America","Medium",2020,37.92633
"Belize","America","Medium",2021,37.92633
"Bolivia","America","Medium",2010,38.157178
"Bolivia","America","Medium",2011,33.642938
"Bolivia","America","Medium",2012,35.305419
"Bolivia","America","Medium",2013,35.789912
"Bolivia","America","Medium",2014,35.394263
"Bolivia","America","Medium",2015,34.64197
"Bolivia","America","Medium",2016,33.497255
"Bolivia","America","Medium",2017,32.212262
"Bolivia","America","Medium",2018,29.133537
"Bolivia","America","Medium",2019,26.863258
"Bolivia","America","Medium",2020,26.863258
"Bolivia","America","Medium",2021,26.863258
"Brazil","America","High",2010,41.236103
"Brazil","America","High",2011,40.273233
"Brazil","America","High",2012,40.655871
"Brazil","America","High",2013,39.532759
"Brazil","America","High",2014,38.620331
"Brazil","America","High",2015,38.603968
"Brazil","America","High",2016,40.538964
"Brazil","America","High",2017,40.82554
"Brazil","America","High",2018,41.636454
"Brazil","America","High",2019,41.306376
"Brazil","America","High",2020,41.306376
"Brazil","America","High",2021,41.306376
"Barbados","America","High",2010,33.58537775
"Barbados","America","High",2011,33.58537775
"Barbados","America","High",2012,33.58537775
"Barbados","America","High",2013,33.58537775
"Barbados","America","High",2014,33.58537775
"Barbados","America","High",2015,33.58537775
"Barbados","America","High",2016,33.58537775
"Barbados","America","High",2017,33.58537775
"Barbados","America","High",2018,33.58537775
"Barbados","America","High",2019,33.58537775
"Barbados","America","High",2020,33.58537775
"Barbados","America","High",2021,33.58537775
"Bhutan","Asia","Medium",2010,25.09595
"Bhutan","Asia","Medium",2011,25.09595
"Bhutan","Asia","Medium",2012,21.00062092
"Bhutan","Asia","Medium",2013,21.00062092
"Bhutan","Asia","Medium",2014,21.00062092
"Bhutan","Asia","Medium",2015,21.00062092
"Bhutan","Asia","Medium",2016,21.00062092
"Bhutan","Asia","Medium",2017,19.95514103
"Bhutan","Asia","Medium",2018,19.95514103
"Bhutan","Asia","Medium",2019,19.95514103
"Bhutan","Asia","Medium",2020,19.95514103
"Bhutan","Asia","Medium",2021,19.95514103
"Botswana","Africa","Medium",2010,55.511
"Botswana","Africa","Medium",2011,55.511
"Botswana","Africa","Medium",2012,55.511
"Botswana","Africa","Medium",2013,55.511
"Botswana","Africa","Medium",2014,55.511
"Central African Republic","Africa","Low",2010,49.19459
"Central African Republic","Africa","Low",2011,49.19459
"Central African Republic","Africa","Low",2012,49.19459
"Central African Republic","Africa","Low",2013,49.19459
"Central African Republic","Africa","Low",2014,49.19459
"Central African Republic","Africa","Low",2015,49.19459
"Central African Republic","Africa","Low",2016,49.19459
"Central African Republic","Africa","Low",2017,49.19459
"Central African Republic","Africa","Low",2018,49.19459
"Central African Republic","Africa","Low",2019,49.19459
"Central African Republic","Africa","Low",2020,49.19459
"Central African Republic","Africa","Low",2021,49.19459
"Canada","America","Very High",2010,17.394
"Canada","America","Very High",2011,17.394
"Canada","America","Very High",2012,17.394
"Canada","America","Very High",2013,18.221
"Canada","America","Very High",2014,18.221
"Canada","America","Very High",2015,17.752
"Canada","America","Very High",2016,16.83
"Canada","America","Very High",2017,17.077
"Canada","America","Very High",2018,17.077
"Canada","America","Very High",2019,17.077
"Canada","America","Very High",2020,17.077
"Canada","America","Very High",2021,17.077
"Switzerland","Europe","Very High",2011,13.24658
"Switzerland","Europe","Very High",2012,12.32452
"Switzerland","Europe","Very High",2013,11.10079
"Switzerland","Europe","Very High",2014,12.19519
"Switzerland","Europe","Very High",2015,12.19519
"Switzerland","Europe","Very High",2016,14.48262
"Switzerland","Europe","Very High",2017,14.48262
"Switzerland","Europe","Very High",2018,14.77567
"Switzerland","Europe","Very High",2019,14.77567
"Switzerland","Europe","Very High",2020,15.58172
"Switzerland","Europe","Very High",2021,15.58172
"Chile","America","Very High",2010,31.400611
"Chile","America","Very High",2011,30.182054
"Chile","America","Very High",2012,30.182054
"Chile","America","Very High",2013,29.810621
"Chile","America","Very High",2014,29.810621
"Chile","America","Very High",2015,28.209983
"Chile","America","Very High",2016,28.209983
"Chile","America","Very High",2017,28.273047
"Chile","America","Very High",2018,28.273047
"Chile","America","Very High",2019,28.273047
"Chile","America","Very High",2020,28.273047
"Chile","America","Very High",2021,28.273047
"China","Asia","High",2010,24.11692794
"China","Asia","High",2011,24.11692794
"China","Asia","High",2012,23.31946951
"China","Asia","High",2013,27.391
"China","Asia","High",2014,27.391
"China","Asia","High",2015,27.391
"China","Asia","High",2016,27.391
"China","Asia","High",2017,27.391
"China","Asia","High",2018,27.391
"China","Asia","High",2019,27.391
"China","Asia","High",2020,27.391
"China","Asia","High",2021,27.391
"Ivory Coast","Africa","Medium",2010,34.39171
"Ivory Coast","Africa","Medium",2011,34.39171
"Ivory Coast","Africa","Medium",2012,27.38935
"Ivory Coast","Africa","Medium",2013,27.38935
"Ivory Coast","Africa","Medium",2014,27.38935
"Ivory Coast","Africa","Medium",2015,27.38935
"Ivory Coast","Africa","Medium",2016,27.04145
"Ivory Coast","Africa","Medium",2017,27.04145
"Ivory Coast","Africa","Medium",2018,27.04145
"Ivory Coast","Africa","Medium",2019,27.04145
"Ivory Coast","Africa","Medium",2020,27.04145
"Ivory Coast","Africa","Medium",2021,27.04145
"Cameroon","Africa","Medium",2011,23.11988
"Cameroon","Africa","Medium",2012,23.11988
"Cameroon","Africa","Medium",2013,23.1
"Cameroon","Africa","Medium",2014,35.86472
"Cameroon","Africa","Medium",2015,35.86472
"Cameroon","Africa","Medium",2016,35.86472
"Cameroon","Africa","Medium",2017,35.86472
"Cameroon","Africa","Medium",2018,34.98911
"Cameroon","Africa","Medium",2019,34.98911
"Cameroon","Africa","Medium",2020,34.98911
"Cameroon","Africa","Medium",2021,34.98911
"The Democratic Republic of the Congo","Africa","Low",2010,31.15031
"The Democratic Republic of the Congo","Africa","Low",2011,31.15031
"The Democratic Republic of the Congo","Africa","Low",2012,31.15031
"The Democratic Republic of the Congo","Africa","Low",2013,31.15031
"The Democratic Republic of the Congo","Africa","Low",2014,28.21161
"The Democratic Republic of the Congo","Africa","Low",2015,28.21161
"The Democratic Republic of the Congo","Africa","Low",2016,28.21161
"The Democratic Republic of the Congo","Africa","Low",2017,27.63249
"The Democratic Republic of the Congo","Africa","Low",2018,27.63249
"The Democratic Republic of the Congo","Africa","Low",2019,27.63249
"The Democratic Republic of the Congo","Africa","Low",2020,27.63249
"The Democratic Republic of the Congo","Africa","Low",2021,27.63249
"Congo","Africa","Medium",2010,27.436
"Congo","Africa","Medium",2011,27.436
"Congo","Africa","Medium",2012,30.692
"Congo","Africa","Medium",2013,30.692
"Congo","Africa","Medium",2014,30.99925
"Congo","Africa","Medium",2015,30.99925
"Congo","Africa","Medium",2016,30.99925
"Congo","Africa","Medium",2017,30.99925
"Congo","Africa","Medium",2018,30.99925
"Congo","Africa","Medium",2019,30.99925
"Congo","Africa","Medium",2020,30.99925
"Congo","Africa","Medium",2021,30.99925
"Colombia","America","High",2010,41.808695
"Colombia","America","High",2011,40.37189
"Colombia","America","High",2012,39.490976
"Colombia","America","High",2013,39.510891
"Colombia","America","High",2014,39.274136
"Colombia","America","High",2015,37.2729
"Colombia","America","High",2016,36.781456
"Colombia","America","High",2017,35.52712
"Colombia","America","High",2018,36.445861
"Colombia","America","High",2019,37.712196
"Colombia","America","High",2020,37.712196
"Colombia","America","High",2021,37.712196
"Comoros","Africa","Medium",2012,56.01338
"Comoros","Africa","Medium",2013,56.01338
"Comoros","Africa","Medium",2014,56.01338
"Comoros","Africa","Medium",2015,56.01338
"Comoros","Africa","Medium",2016,56.01338
"Comoros","Africa","Medium",2017,56.01338
"Comoros","Africa","Medium",2018,56.01338
"Comoros","Africa","Medium",2019,56.01338
"Comoros","Africa","Medium",2020,56.01338
"Comoros","Africa","Medium",2021,56.01338
"Cabo Verde","Africa","Medium",2010,28.04
"Cabo Verde","Africa","Medium",2011,28.04
"Cabo Verde","Africa","Medium",2012,28.04
"Costa Rica","America","Very High",2010,33.397656
"Costa Rica","America","Very High",2011,34.333636
"Costa Rica","America","Very High",2012,34.284901
"Costa Rica","America","Very High",2013,35.154184
"Costa Rica","America","Very High",2014,34.245561
"Costa Rica","America","Very High",2015,33.923669
"Costa Rica","America","Very High",2016,34.221197
"Costa Rica","America","Very High",2017,33.598361
"Costa Rica","America","Very High",2018,33.466884
"Costa Rica","America","Very High",2019,33.41354
"Costa Rica","America","Very High",2020,33.41354
"Costa Rica","America","Very High",2021,33.41354
"Cyprus","Asia","Very High",2010,13.60216
"Cyprus","Asia","Very High",2011,14.88187
"Cyprus","Asia","Very High",2012,14.97115
"Cyprus","Asia","Very High",2013,15.90818
"Cyprus","Asia","Very High",2014,17.50429
"Cyprus","Asia","Very High",2015,17.50429
"Cyprus","Asia","Very High",2016,16.40136
"Cyprus","Asia","Very High",2017,14.28251
"Cyprus","Asia","Very High",2018,13.09041
"Cyprus","Asia","Very High",2019,13.09041
"Cyprus","Asia","Very High",2020,13.03255
"Cyprus","Asia","Very High",2021,13.03255
"Czechia","Europe","Very High",2010,10.69114
"Czechia","Europe","Very High",2011,11.31482
"Czechia","Europe","Very High",2012,10.97887
"Czechia","Europe","Very High",2013,11.07131
"Czechia","Europe","Very High",2014,10.73835
"Czechia","Europe","Very High",2015,10.73835
"Czechia","Europe","Very High",2016,10.43108
"Czechia","Europe","Very High",2017,9.20949
"Czechia","Europe","Very High",2018,8.71736
"Czechia","Europe","Very High",2019,8.71736
"Czechia","Europe","Very High",2020,8.7672
"Czechia","Europe","Very High",2021,8.7672
"Germany","Europe","Very High",2010,14.54559
"Germany","Europe","Very High",2011,14.81088
"Germany","Europe","Very High",2012,14.0549
"Germany","Europe","Very High",2013,14.75045
"Germany","Europe","Very High",2014,17.46195
"Germany","Europe","Very High",2015,17.46195
"Germany","Europe","Very High",2016,15.73535
"Germany","Europe","Very High",2017,15.73535
"Germany","Europe","Very High",2018,15.73535
"Germany","Europe","Very High",2019,12.46003
"Germany","Europe","Very High",2020,12.46003
"Germany","Europe","Very High",2021,12.46003
"Djibouti","Africa","Low",2010,21.70879
"Djibouti","Africa","Low",2011,21.70879
"Djibouti","Africa","Low",2012,30.03165892
"Djibouti","Africa","Low",2013,27.74495175
"Djibouti","Africa","Low",2014,27.74495175
"Djibouti","Africa","Low",2015,27.74495175
"Djibouti","Africa","Low",2016,27.74495175
"Djibouti","Africa","Low",2017,27.74495175
"Djibouti","Africa","Low",2018,27.74495175
"Djibouti","Africa","Low",2019,27.74495175
"Djibouti","Africa","Low",2020,27.74495175
"Djibouti","Africa","Low",2021,27.74495175
"Denmark","Europe","Very High",2010,10.95581
"Denmark","Europe","Very High",2011,13.32469
"Denmark","Europe","Very High",2012,14.3998
"Denmark","Europe","Very High",2013,12.79628
"Denmark","Europe","Very High",2014,13.46361
"Denmark","Europe","Very High",2015,12.26297
"Denmark","Europe","Very High",2016,11.48358
"Denmark","Europe","Very High",2017,11.39151
"Denmark","Europe","Very High",2018,10.88624
"Denmark","Europe","Very High",2019,10.88624
"Denmark","Europe","Very High",2020,10.05068
"Denmark","Europe","Very High",2021,10.05068
"Dominican Republic","America","High",2010,31.930338
"Dominican Republic","America","High",2011,32.487814
"Dominican Republic","America","High",2012,30.647516
"Dominican Republic","America","High",2013,32.167729
"Dominican Republic","America","High",2014,28.640709
"Dominican Republic","America","High",2015,29.785432
"Dominican Republic","America","High",2016,30.369914
"Dominican Republic","America","High",2017,26.093622
"Dominican Republic","America","High",2018,27.802282
"Dominican Republic","America","High",2019,25.628189
"Dominican Republic","America","High",2020,25.628189
"Dominican Republic","America","High",2021,25.628189
"Algeria","Africa","High",2013,11.36364
"Algeria","Africa","High",2014,11.36364
"Algeria","Africa","High",2015,11.36364
"Algeria","Africa","High",2016,11.36364
"Algeria","Africa","High",2017,11.36364
"Algeria","Africa","High",2018,11.36364
"Algeria","Africa","High",2019,11.5052
"Algeria","Africa","High",2020,11.5052
"Algeria","Africa","High",2021,11.5052
"Ecuador","America","High",2010,34.619918
"Ecuador","America","High",2011,31.638398
"Ecuador","America","High",2012,31.894203
"Ecuador","America","High",2013,32.026526
"Ecuador","America","High",2014,29.851789
"Ecuador","America","High",2015,31.322467
"Ecuador","America","High",2016,30.297652
"Ecuador","America","High",2017,29.896735
"Ecuador","America","High",2018,30.623973
"Ecuador","America","High",2019,31.050541
"Ecuador","America","High",2020,31.050541
"Ecuador","America","High",2021,31.050541
"Egypt","Africa","High",2012,36.503
"Egypt","Africa","High",2013,36.503
"Egypt","Africa","High",2014,36.503
"Egypt","Africa","High",2015,36.503
"Egypt","Africa","High",2016,36.503
"Egypt","Africa","High",2017,36.503
"Egypt","Africa","High",2018,36.503
"Egypt","Africa","High",2019,36.503
"Egypt","Africa","High",2020,36.503
"Egypt","Africa","High",2021,36.503
"Spain","Europe","Very High",2010,19.74687
"Spain","Europe","Very High",2011,22.14397
"Spain","Europe","Very High",2012,23.90812
"Spain","Europe","Very High",2013,21.26914
"Spain","Europe","Very High",2014,22.84977
"Spain","Europe","Very High",2015,22.54773
"Spain","Europe","Very High",2016,22.14727
"Spain","Europe","Very High",2017,21.86766
"Spain","Europe","Very High",2018,19.10714
"Spain","Europe","Very High",2019,19.10714
"Spain","Europe","Very High",2020,19.31195
"Spain","Europe","Very High",2021,19.31195
"Estonia","Europe","Very High",2010,17.71542
"Estonia","Europe","Very High",2011,17.37153
"Estonia","Europe","Very High",2012,18.59338
"Estonia","Europe","Very High",2013,18.62724
"Estonia","Europe","Very High",2014,20.99342
"Estonia","Europe","Very High",2015,20.99342
"Estonia","Europe","Very High",2016,18.73339
"Estonia","Europe","Very High",2017,15.46027
"Estonia","Europe","Very High",2018,14.34588
"Estonia","Europe","Very High",2019,14.34588
"Estonia","Europe","Very High",2020,14.98963
"Estonia","Europe","Very High",2021,14.98963
"Ethiopia","Africa","Low",2010,9.05791
"Ethiopia","Africa","Low",2011,9.49739
"Ethiopia","Africa","Low",2012,9.49739
"Ethiopia","Africa","Low",2013,9.49739
"Ethiopia","Africa","Low",2014,9.49739
"Ethiopia","Africa","Low",2015,9.49739
"Ethiopia","Africa","Low",2016,13.3515
"Ethiopia","Africa","Low",2017,13.3515
"Ethiopia","Africa","Low",2018,13.3515
"Ethiopia","Africa","Low",2019,12.07582
"Ethiopia","Africa","Low",2020,12.07582
"Ethiopia","Africa","Low",2021,12.07582
"Finland","Europe","Very High",2010,11.30984
"Finland","Europe","Very High",2011,10.77941
"Finland","Europe","Very High",2012,10.77818
"Finland","Europe","Very High",2013,10.56616
"Finland","Europe","Very High",2014,10.38763
"Finland","Europe","Very High",2015,10.01719
"Finland","Europe","Very High",2016,10.50979
"Finland","Europe","Very High",2017,10.43909
"Finland","Europe","Very High",2018,10.33787
"Finland","Europe","Very High",2019,10.33787
"Finland","Europe","Very High",2020,10.48338
"Finland","Europe","Very High",2021,10.48338
"Fiji","Oceania","High",2010,22.6
"Fiji","Oceania","High",2011,22.6
"Fiji","Oceania","High",2012,22.6
"Fiji","Oceania","High",2013,22.6
"France","Europe","Very High",2010,13.25456
"France","Europe","Very High",2011,14.17367
"France","Europe","Very High",2012,13.94993
"France","Europe","Very High",2013,13.46136
"France","Europe","Very High",2014,13.65268
"France","Europe","Very High",2015,13.65268
"France","Europe","Very High",2016,13.58492
"France","Europe","Very High",2017,14.3716
"France","Europe","Very High",2018,13.36567
"France","Europe","Very High",2019,13.36567
"France","Europe","Very High",2020,13.91798
"France","Europe","Very High",2021,13.91798
"Micronesia","Oceania","Medium",2013,26.38098943
"Micronesia","Oceania","Medium",2014,26.38098943
"Micronesia","Oceania","Medium",2015,26.38098943
"Micronesia","Oceania","Medium",2016,26.38098943
"Micronesia","Oceania","Medium",2017,26.38098943
"Micronesia","Oceania","Medium",2018,26.38098943
"Micronesia","Oceania","Medium",2019,26.38098943
"Micronesia","Oceania","Medium",2020,26.38098943
"Micronesia","Oceania","Medium",2021,26.38098943
"Gabon","Africa","High",2012,20.4113
"Gabon","Africa","High",2013,20.4113
"Gabon","Africa","High",2014,20.4113
"Gabon","Africa","High",2015,20.4113
"Gabon","Africa","High",2016,20.4113
"Gabon","Africa","High",2017,21.2138981
"Gabon","Africa","High",2018,21.2138981
"Gabon","Africa","High",2019,21.2138981
"Gabon","Africa","High",2020,21.2138981
"Gabon","Africa","High",2021,21.2138981
"United Kingdom","Europe","Very High",2010,16.92925
"United Kingdom","Europe","Very High",2011,18.76843
"United Kingdom","Europe","Very High",2012,17.81109
"United Kingdom","Europe","Very High",2013,16.20068
"United Kingdom","Europe","Very High",2014,16.32592
"United Kingdom","Europe","Very High",2015,16.32592
"United Kingdom","Europe","Very High",2016,17.09783
"United Kingdom","Europe","Very High",2017,16.74895
"United Kingdom","Europe","Very High",2018,17.96959
"United Kingdom","Europe","Very High",2019,17.96959
"United Kingdom","Europe","Very High",2020,17.96959
"United Kingdom","Europe","Very High",2021,17.96959
"Georgia","Asia","Very High",2010,32.13
"Georgia","Asia","Very High",2011,32.13
"Georgia","Asia","Very High",2012,32.13
"Georgia","Asia","Very High",2013,25.95
"Georgia","Asia","Very High",2014,25.95
"Georgia","Asia","Very High",2015,25.95
"Georgia","Asia","Very High",2016,24.85
"Georgia","Asia","Very High",2017,24.85
"Georgia","Asia","Very High",2018,24.85
"Georgia","Asia","Very High",2019,24.85
"Georgia","Asia","Very High",2020,24.85
"Georgia","Asia","Very High",2021,24.85
"Ghana","Africa","Medium",2010,27.22482
"Ghana","Africa","Medium",2011,22.40757
"Ghana","Africa","Medium",2012,22.40757
"Ghana","Africa","Medium",2013,22.40757
"Ghana","Africa","Medium",2014,25.31453
"Ghana","Africa","Medium",2015,25.31453
"Ghana","Africa","Medium",2016,25.31453
"Ghana","Africa","Medium",2017,24.14249
"Ghana","Africa","Medium",2018,24.14249
"Ghana","Africa","Medium",2019,24.14249
"Ghana","Africa","Medium",2020,24.14249
"Ghana","Africa","Medium",2021,24.14249
"Guinea","Africa","Low",2012,17.05626
"Guinea","Africa","Low",2013,17.05626
"Guinea","Africa","Low",2014,17.05626
"Guinea","Africa","Low",2015,17.05626
"Guinea","Africa","Low",2016,17.05626
"Guinea","Africa","Low",2017,17.05626
"Guinea","Africa","Low",2018,17.83777
"Guinea","Africa","Low",2019,17.83777
"Guinea","Africa","Low",2020,17.83777
"Guinea","Africa","Low",2021,17.83777
"Gambia","Africa","Low",2010,26.928
"Gambia","Africa","Low",2011,26.928
"Gambia","Africa","Low",2012,26.928
"Gambia","Africa","Low",2013,27.076
"Gambia","Africa","Low",2014,27.076
"Gambia","Africa","Low",2015,27.076
"Gambia","Africa","Low",2016,27.076
"Gambia","Africa","Low",2017,27.076
"Gambia","Africa","Low",2018,17.46726
"Gambia","Africa","Low",2019,17.46726
"Gambia","Africa","Low",2020,17.46726
"Gambia","Africa","Low",2021,17.46726
"Guinea-Bissau","Africa","Low",2010,32.5
"Guinea-Bissau","Africa","Low",2011,32.5
"Guinea-Bissau","Africa","Low",2012,32.5
"Guinea-Bissau","Africa","Low",2013,32.5
"Guinea-Bissau","Africa","Low",2014,32.5
"Guinea-Bissau","Africa","Low",2015,32.5
"Guinea-Bissau","Africa","Low",2016,37.9
"Guinea-Bissau","Africa","Low",2017,37.9
"Guinea-Bissau","Africa","Low",2018,37.9
"Guinea-Bissau","Africa","Low",2019,37.9
"Guinea-Bissau","Africa","Low",2020,37.9
"Guinea-Bissau","Africa","Low",2021,37.9
"Greece","Europe","Very High",2010,18.07374
"Greece","Europe","Very High",2011,18.07374
"Greece","Europe","Very High",2012,20.64323
"Greece","Europe","Very High",2013,21.08044
"Greece","Europe","Very High",2014,20.69059
"Greece","Europe","Very High",2015,20.80284
"Greece","Europe","Very High",2016,21.03849
"Greece","Europe","Very High",2017,19.47699
"Greece","Europe","Very High",2018,17.44667
"Greece","Europe","Very High",2019,17.44667
"Greece","Europe","Very High",2020,16.63777
"Greece","Europe","Very High",2021,16.63777
"Guatemala","America","Medium",2010,39.18
"Guatemala","America","Medium",2011,44.16
"Guatemala","America","Medium",2012,44.16
"Guatemala","America","Medium",2013,44.16
"Guatemala","America","Medium",2014,29.56
"Guatemala","America","Medium",2015,29.56
"Guatemala","America","Medium",2016,29.56
"Guatemala","America","Medium",2017,29.56
"Guatemala","America","Medium",2018,29.56
"Guatemala","America","Medium",2019,29.56
"Guatemala","America","Medium",2020,29.56
"Guatemala","America","Medium",2021,29.56
"Guyana","America","High",2010,24.44892
"Guyana","America","High",2011,24.44892
"Guyana","America","High",2012,24.44892
"Guyana","America","High",2013,24.44892
"Guyana","America","High",2014,25.1
"Guyana","America","High",2015,25.1
"Guyana","America","High",2016,25.1
"Guyana","America","High",2017,25.1
"Guyana","America","High",2018,25.1
"Guyana","America","High",2019,25.1
"Guyana","America","High",2020,25.1
"Guyana","America","High",2021,25.1
"Hong Kong","Asia","Very High",2011,25.56271964
"Hong Kong","Asia","Very High",2012,25.56271964
"Hong Kong","Asia","Very High",2013,25.56271964
"Hong Kong","Asia","Very High",2014,25.56271964
"Hong Kong","Asia","Very High",2015,25.56271964
"Hong Kong","Asia","Very High",2016,25.56271964
"Hong Kong","Asia","Very High",2017,25.56271964
"Hong Kong","Asia","Very High",2018,25.56271964
"Hong Kong","Asia","Very High",2019,25.56271964
"Hong Kong","Asia","Very High",2020,25.56271964
"Hong Kong","Asia","Very High",2021,25.56271964
"Honduras","America","Medium",2010,40.712028
"Honduras","America","Medium",2011,40.756529
"Honduras","America","Medium",2012,41.696769
"Honduras","America","Medium",2013,36.962278
"Honduras","America","Medium",2014,36.258039
"Honduras","America","Medium",2015,35.659413
"Honduras","America","Medium",2016,37.548218
"Honduras","America","Medium",2017,36.45059
"Honduras","America","Medium",2018,36.194995
"Honduras","America","Medium",2019,34.911526
"Honduras","America","Medium",2020,34.911526
"Honduras","America","Medium",2021,34.911526
"Croatia","Europe","Very High",2011,17.56036
"Croatia","Europe","Very High",2012,17.24145
"Croatia","Europe","Very High",2013,17.60962
"Croatia","Europe","Very High",2014,17.36734
"Croatia","Europe","Very High",2015,17.36734
"Croatia","Europe","Very High",2016,16.8815
"Croatia","Europe","Very High",2017,15.18866
"Croatia","Europe","Very High",2018,14.37065
"Croatia","Europe","Very High",2019,14.37065
"Croatia","Europe","Very High",2020,12.9537
"Croatia","Europe","Very High",2021,12.9537
"Haiti","America","Low",2010,47.863
"Haiti","America","Low",2011,47.863
"Haiti","America","Low",2012,48.39911
"Haiti","America","Low",2013,48.39911
"Haiti","America","Low",2014,48.39911
"Haiti","America","Low",2015,48.39911
"Haiti","America","Low",2016,50.43867
"Haiti","America","Low",2017,50.43867
"Haiti","America","Low",2018,50.43867
"Haiti","America","Low",2019,50.43867
"Haiti","America","Low",2020,50.43867
"Haiti","America","Low",2021,50.43867
"Hungary","Europe","Very High",2010,12.21144
"Hungary","Europe","Very High",2011,13.11032
"Hungary","Europe","Very High",2012,12.61731
"Hungary","Europe","Very High",2013,14.48154
"Hungary","Europe","Very High",2014,14.58424
"Hungary","Europe","Very High",2015,15.2567
"Hungary","Europe","Very High",2016,14.73987
"Hungary","Europe","Very High",2017,16.05152
"Hungary","Europe","Very High",2018,13.93919
"Hungary","Europe","Very High",2019,13.93919
"Hungary","Europe","Very High",2020,12.29405
"Hungary","Europe","Very High",2021,12.29405
"Indonesia","Asia","High",2012,17.2563
"Indonesia","Asia","High",2013,17.2563
"Indonesia","Asia","High",2014,17.2563
"Indonesia","Asia","High",2015,17.2563
"Indonesia","Asia","High",2016,17.2563
"Indonesia","Asia","High",2017,20.11727
"Indonesia","Asia","High",2018,20.11727
"Indonesia","Asia","High",2019,20.11727
"Indonesia","Asia","High",2020,20.11727
"Indonesia","Asia","High",2021,20.11727
"India","Asia","Medium",2010,19.16
"India","Asia","Medium",2011,19.16
"India","Asia","Medium",2012,19.16
"India","Asia","Medium",2013,19.16
"India","Asia","Medium",2014,19.16
"India","Asia","Medium",2015,19.369
"India","Asia","Medium",2016,19.369
"India","Asia","Medium",2017,19.369
"India","Asia","Medium",2018,19.369
"India","Asia","Medium",2019,19.369
"India","Asia","Medium",2020,19.369
"India","Asia","Medium",2021,19.369
"Ireland","Europe","Very High",2010,13.79216
"Ireland","Europe","Very High",2011,13.79216
"Ireland","Europe","Very High",2012,13.79216
"Ireland","Europe","Very High",2013,16.32331
"Ireland","Europe","Very High",2014,18.11922
"Ireland","Europe","Very High",2015,18.11922
"Ireland","Europe","Very High",2016,18.11922
"Ireland","Europe","Very High",2017,14.70554
"Ireland","Europe","Very High",2018,14.70554
"Ireland","Europe","Very High",2019,14.70554
"Ireland","Europe","Very High",2020,12.26296
"Ireland","Europe","Very High",2021,12.26296
"Iran","Asia","High",2013,19.71428189
"Iran","Asia","High",2014,19.71428189
"Iran","Asia","High",2015,19.71428189
"Iran","Asia","High",2016,19.71428189
"Iran","Asia","High",2017,19.71428189
"Iran","Asia","High",2018,19.71428189
"Iran","Asia","High",2019,19.71428189
"Iran","Asia","High",2020,19.71428189
"Iran","Asia","High",2021,19.71428189
"Iraq","Asia","Medium",2011,16.14712
"Iraq","Asia","Medium",2012,16.14712
"Iraq","Asia","Medium",2013,16.14712
"Iraq","Asia","Medium",2014,16.14712
"Iraq","Asia","Medium",2015,16.14712
"Iraq","Asia","Medium",2016,16.14712
"Iraq","Asia","Medium",2017,16.14712
"Iraq","Asia","Medium",2018,12.67895
"Iraq","Asia","Medium",2019,12.67895
"Iraq","Asia","Medium",2020,12.67895
"Iraq","Asia","Medium",2021,12.67895
"Iceland","Europe","Very High",2010,13.23446
"Iceland","Europe","Very High",2011,11.61685
"Iceland","Europe","Very High",2012,12.21693
"Iceland","Europe","Very High",2013,11.14863
"Iceland","Europe","Very High",2014,10.17085
"Iceland","Europe","Very High",2015,11.67254
"Iceland","Europe","Very High",2016,9.80916
"Iceland","Europe","Very High",2017,9.80916
"Iceland","Europe","Very High",2018,9.51407
"Iceland","Europe","Very High",2019,9.51407
"Iceland","Europe","Very High",2020,9.51407
"Iceland","Europe","Very High",2021,9.51407
"Israel","Asia","Very High",2010,24.997
"Israel","Asia","Very High",2011,24.997
"Israel","Asia","Very High",2012,24.546
"Israel","Asia","Very High",2013,24.546
"Israel","Asia","Very High",2014,22.984
"Israel","Asia","Very High",2015,22.984
"Israel","Asia","Very High",2016,23.689
"Israel","Asia","Very High",2017,23.689
"Israel","Asia","Very High",2018,23.134
"Israel","Asia","Very High",2019,23.134
"Israel","Asia","Very High",2020,23.134
"Israel","Asia","Very High",2021,23.134
"Italy","Europe","Very High",2010,18.08855
"Italy","Europe","Very High",2011,19.82056
"Italy","Europe","Very High",2012,19.84636
"Italy","Europe","Very High",2013,20.5853
"Italy","Europe","Very High",2014,21.26166
"Italy","Europe","Very High",2015,21.26166
"Italy","Europe","Very High",2016,21.26166
"Italy","Europe","Very High",2017,21.34472
"Italy","Europe","Very High",2018,21.17692
"Italy","Europe","Very High",2019,20.87235
"Italy","Europe","Very High",2020,20.87235
"Italy","Europe","Very High",2021,20.87235
"Jamaica","America","High",2011,31.96616
"Jamaica","America","High",2012,31.96616
"Jamaica","America","High",2013,31.96616
"Jamaica","America","High",2014,31.96616
"Jamaica","America","High",2015,31.96616
"Jamaica","America","High",2016,31.96616
"Jamaica","America","High",2017,31.96616
"Jamaica","America","High",2018,31.96616
"Jamaica","America","High",2019,31.96616
"Jamaica","America","High",2020,31.96616
"Jamaica","America","High",2021,31.96616
"Jordan","Asia","High",2010,21.07619
"Jordan","Asia","High",2011,21.07619
"Jordan","Asia","High",2012,20.49108
"Jordan","Asia","High",2013,20.49108
"Jordan","Asia","High",2014,20.49108
"Jordan","Asia","High",2015,20.49108
"Jordan","Asia","High",2016,20.49108
"Jordan","Asia","High",2017,17.91185
"Jordan","Asia","High",2018,17.91185
"Jordan","Asia","High",2019,17.91185
"Jordan","Asia","High",2020,17.91185
"Jordan","Asia","High",2021,17.91185
"Japan","Asia","Very High",2010,14.557639
"Japan","Asia","Very High",2011,14.557639
"Japan","Asia","Very High",2012,14.557639
"Japan","Asia","Very High",2013,16.662889
"Japan","Asia","Very High",2014,16.662889
"Japan","Asia","Very High",2015,16.662889
"Japan","Asia","Very High",2016,16.662889
"Japan","Asia","Very High",2017,16.662889
"Japan","Asia","Very High",2018,16.662889
"Japan","Asia","Very High",2019,16.662889
"Japan","Asia","Very High",2020,16.662889
"Japan","Asia","Very High",2021,16.662889
"Kazakhstan","Asia","Very High",2010,17.325
"Kazakhstan","Asia","Very High",2011,12.65731
"Kazakhstan","Asia","Very High",2012,12.65731
"Kazakhstan","Asia","Very High",2013,12.65731
"Kazakhstan","Asia","Very High",2014,12.65731
"Kazakhstan","Asia","Very High",2015,10.33987
"Kazakhstan","Asia","Very High",2016,10.33987
"Kazakhstan","Asia","Very High",2017,10.33987
"Kazakhstan","Asia","Very High",2018,10.33987
"Kazakhstan","Asia","Very High",2019,10.33987
"Kazakhstan","Asia","Very High",2020,10.33987
"Kazakhstan","Asia","Very High",2021,10.33987
"Kenya","Africa","Medium",2010,35.96532
"Kenya","Africa","Medium",2011,35.96532
"Kenya","Africa","Medium",2012,35.96532
"Kenya","Africa","Medium",2013,35.96532
"Kenya","Africa","Medium",2014,33.14821
"Kenya","Africa","Medium",2015,33.14821
"Kenya","Africa","Medium",2016,33.14821
"Kenya","Africa","Medium",2017,33.14821
"Kenya","Africa","Medium",2018,33.14821
"Kenya","Africa","Medium",2019,33.14821
"Kenya","Africa","Medium",2020,33.14821
"Kenya","Africa","Medium",2021,33.14821
"Kyrgyzstan","Asia","Medium",2010,24.05403
"Kyrgyzstan","Asia","Medium",2011,24.05403
"Kyrgyzstan","Asia","Medium",2012,17.73515
"Kyrgyzstan","Asia","Medium",2013,17.73515
"Kyrgyzstan","Asia","Medium",2014,12.17395
"Kyrgyzstan","Asia","Medium",2015,12.17395
"Kyrgyzstan","Asia","Medium",2016,12.17395
"Kyrgyzstan","Asia","Medium",2017,12.17395
"Kyrgyzstan","Asia","Medium",2018,13.83059
"Kyrgyzstan","Asia","Medium",2019,13.83059
"Kyrgyzstan","Asia","Medium",2020,13.83059
"Kyrgyzstan","Asia","Medium",2021,13.83059
"Cambodia","Asia","Medium",2010,20.28995
"Cambodia","Asia","Medium",2011,20.28995
"Cambodia","Asia","Medium",2012,20.28995
"Cambodia","Asia","Medium",2013,20.28995
"Cambodia","Asia","Medium",2014,14.34211
"Cambodia","Asia","Medium",2015,14.34211
"Cambodia","Asia","Medium",2016,14.34211
"Cambodia","Asia","Medium",2017,14.34211
"Cambodia","Asia","Medium",2018,14.34211
"Cambodia","Asia","Medium",2019,14.34211
"Cambodia","Asia","Medium",2020,14.34211
"Cambodia","Asia","Medium",2021,14.34211
"Kiribati","Oceania","Medium",2018,19.35687
"Kiribati","Oceania","Medium",2019,19.35687
"Kiribati","Oceania","Medium",2020,19.35687
"Kiribati","Oceania","Medium",2021,19.35687
"South Korea","Asia","Very High",2010,17.25
"South Korea","Asia","Very High",2011,17.25
"South Korea","Asia","Very High",2012,16.69
"South Korea","Asia","Very High",2013,16.69
"South Korea","Asia","Very High",2014,16.05
"South Korea","Asia","Very High",2015,16.05
"South Korea","Asia","Very High",2016,16.13
"South Korea","Asia","Very High",2017,16.13
"South Korea","Asia","Very High",2018,16.13
"South Korea","Asia","Very High",2019,16.13
"South Korea","Asia","Very High",2020,16.13
"South Korea","Asia","Very High",2021,16.13
"Lao","Asia","Medium",2010,20.56506
"Lao","Asia","Medium",2011,20.56506
"Lao","Asia","Medium",2012,20.3255
"Lao","Asia","Medium",2013,20.3255
"Lao","Asia","Medium",2014,20.3255
"Lao","Asia","Medium",2015,20.3255
"Lao","Asia","Medium",2016,20.3255
"Lao","Asia","Medium",2017,20.58334
"Lao","Asia","Medium",2018,20.58334
"Lao","Asia","Medium",2019,20.58334
"Lao","Asia","Medium",2020,20.58334
"Lao","Asia","Medium",2021,20.58334
"Lebanon","Asia","High",2010,29.985
"Liberia","Africa","Low",2010,19.004
"Liberia","Africa","Low",2011,19.004
"Liberia","Africa","Low",2012,19.004
"Liberia","Africa","Low",2013,22.72204
"Liberia","Africa","Low",2014,22.72204
"Liberia","Africa","Low",2015,22.72204
"Liberia","Africa","Low",2016,22.72204
"Liberia","Africa","Low",2017,22.72204
"Liberia","Africa","Low",2018,22.72204
"Liberia","Africa","Low",2019,22.72204
"Liberia","Africa","Low",2020,19.74577
"Liberia","Africa","Low",2021,19.74577
"Saint Lucia","America","High",2012,27.39586
"Saint Lucia","America","High",2013,27.39586
"Saint Lucia","America","High",2014,27.39586
"Saint Lucia","America","High",2015,27.39586
"Saint Lucia","America","High",2016,27.39586
"Saint Lucia","America","High",2017,27.39586
"Saint Lucia","America","High",2018,27.39586
"Saint Lucia","America","High",2019,27.39586
"Saint Lucia","America","High",2020,27.39586
"Saint Lucia","America","High",2021,27.39586
"Sri Lanka","Asia","High",2016,22.36351
"Sri Lanka","Asia","High",2017,22.36351
"Sri Lanka","Asia","High",2018,22.36351
"Sri Lanka","Asia","High",2019,22.36351
"Sri Lanka","Asia","High",2020,22.36351
"Sri Lanka","Asia","High",2021,22.36351
"Lesotho","Africa","Low",2010,47.03917
"Lesotho","Africa","Low",2011,47.03917
"Lesotho","Africa","Low",2012,47.03917
"Lesotho","Africa","Low",2013,47.03917
"Lesotho","Africa","Low",2014,41.1
"Lesotho","Africa","Low",2015,41.1
"Lesotho","Africa","Low",2016,41.1
"Lesotho","Africa","Low",2017,41.1
"Lesotho","Africa","Low",2018,29.57664
"Lesotho","Africa","Low",2019,29.57664
"Lesotho","Africa","Low",2020,29.57664
"Lesotho","Africa","Low",2021,29.57664
"Lithuania","Europe","Very High",2010,20.10029
"Lithuania","Europe","Very High",2011,18.5545
"Lithuania","Europe","Very High",2012,17.48654
"Lithuania","Europe","Very High",2013,19.6098
"Lithuania","Europe","Very High",2014,19.72888
"Lithuania","Europe","Very High",2015,19.72888
"Lithuania","Europe","Very High",2016,23.66926
"Lithuania","Europe","Very High",2017,21.80475
"Lithuania","Europe","Very High",2018,20.12206
"Lithuania","Europe","Very High",2019,20.12206
"Lithuania","Europe","Very High",2020,17.05362
"Lithuania","Europe","Very High",2021,17.05362
"Luxembourg","Europe","Very High",2010,11.55033
"Luxembourg","Europe","Very High",2011,13.12387
"Luxembourg","Europe","Very High",2012,13.8947
"Luxembourg","Europe","Very High",2013,15.0531
"Luxembourg","Europe","Very High",2014,14.95153
"Luxembourg","Europe","Very High",2015,14.95153
"Luxembourg","Europe","Very High",2016,14.95153
"Luxembourg","Europe","Very High",2017,16.64219
"Luxembourg","Europe","Very High",2018,18.68508
"Luxembourg","Europe","Very High",2019,18.68508
"Luxembourg","Europe","Very High",2020,16.6522
"Luxembourg","Europe","Very High",2021,16.6522
"Latvia","Europe","Very High",2010,20.93875
"Latvia","Europe","Very High",2011,19.80556
"Latvia","Europe","Very High",2012,20.52043
"Latvia","Europe","Very High",2013,20.20879
"Latvia","Europe","Very High",2014,20.38932
"Latvia","Europe","Very High",2015,20.29483
"Latvia","Europe","Very High",2016,20.29483
"Latvia","Europe","Very High",2017,18.5306
"Latvia","Europe","Very High",2018,19.33165
"Latvia","Europe","Very High",2019,19.33165
"Latvia","Europe","Very High",2020,17.45024
"Latvia","Europe","Very High",2021,17.45024
"Morocco","Africa","Medium",2010,23
"Morocco","Africa","Medium",2017,22.50352
"Morocco","Africa","Medium",2018,22.50352
"Morocco","Africa","Medium",2019,22.50352
"Morocco","Africa","Medium",2020,22.50352
"Morocco","Africa","Medium",2021,22.50352
"Moldova","Europe","High",2010,14.80348749
"Moldova","Europe","High",2011,13.56489292
"Moldova","Europe","High",2012,12.31469122
"Moldova","Europe","High",2013,11.79960639
"Moldova","Europe","High",2014,10.43722208
"Moldova","Europe","High",2015,10.43722208
"Moldova","Europe","High",2016,10.43722208
"Moldova","Europe","High",2017,10.43722208
"Moldova","Europe","High",2018,10.43722208
"Moldova","Europe","High",2019,10.43722208
"Moldova","Europe","High",2020,10.43722208
"Moldova","Europe","High",2021,10.43722208
"Madagascar","Africa","Low",2010,36.07534
"Madagascar","Africa","Low",2011,36.07534
"Madagascar","Africa","Low",2012,36.07534
"Madagascar","Africa","Low",2013,20.43828
"Madagascar","Africa","Low",2014,20.43828
"Madagascar","Africa","Low",2015,20.43828
"Madagascar","Africa","Low",2016,20.43828
"Madagascar","Africa","Low",2017,20.43828
"Madagascar","Africa","Low",2018,27.557
"Madagascar","Africa","Low",2019,27.557
"Madagascar","Africa","Low",2020,27.557
"Madagascar","Africa","Low",2021,27.557
"Maldives","Asia","High",2010,23.15146
"Maldives","Asia","High",2011,23.15146
"Maldives","Asia","High",2012,23.15146
"Maldives","Asia","High",2013,23.15146
"Maldives","Asia","High",2014,23.15146
"Maldives","Asia","High",2015,23.15146
"Maldives","Asia","High",2016,25.8459
"Maldives","Asia","High",2017,25.8459
"Maldives","Asia","High",2018,25.8459
"Maldives","Asia","High",2019,25.8459
"Maldives","Asia","High",2020,25.8459
"Maldives","Asia","High",2021,25.8459
"Mexico","America","High",2010,32.397166
"Mexico","America","High",2011,32.397166
"Mexico","America","High",2012,33.945796
"Mexico","America","High",2013,33.945796
"Mexico","America","High",2014,33.733936
"Mexico","America","High",2015,33.733936
"Mexico","America","High",2016,30.804773
"Mexico","America","High",2017,30.804773
"Mexico","America","High",2018,29.798888
"Mexico","America","High",2019,29.798888
"Mexico","America","High",2020,29.798888
"Mexico","America","High",2021,29.798888
"North Macedonia","Europe","High",2011,30.06879
"North Macedonia","Europe","High",2012,30.06879
"North Macedonia","Europe","High",2013,30.06879
"North Macedonia","Europe","High",2014,30.06879
"North Macedonia","Europe","High",2015,30.06879
"North Macedonia","Europe","High",2016,30.06879
"North Macedonia","Europe","High",2018,19.15726
"North Macedonia","Europe","High",2019,19.15726
"North Macedonia","Europe","High",2020,19.15726
"North Macedonia","Europe","High",2021,19.15726
"Mali","Africa","Low",2013,16.09936
"Mali","Africa","Low",2014,16.09936
"Mali","Africa","Low",2015,15.36232
"Mali","Africa","Low",2016,15.36232
"Mali","Africa","Low",2017,15.36232
"Mali","Africa","Low",2018,16.56372
"Mali","Africa","Low",2019,16.56372
"Mali","Africa","Low",2020,16.56372
"Mali","Africa","Low",2021,16.56372
"Malta","Europe","Very High",2010,13.61069
"Malta","Europe","Very High",2011,14.07223
"Malta","Europe","Very High",2012,13.33752
"Malta","Europe","Very High",2013,13.61073
"Malta","Europe","Very High",2014,12.92401
"Malta","Europe","Very High",2015,12.92401
"Malta","Europe","Very High",2016,12.92401
"Malta","Europe","Very High",2017,12.4718
"Malta","Europe","Very High",2018,12.58503
"Malta","Europe","Very High",2019,12.58503
"Malta","Europe","Very High",2020,13.85802
"Malta","Europe","Very High",2021,13.85802
"Myanmar","Asia","Medium",2010,5.845033545
"Myanmar","Asia","Medium",2011,5.845033545
"Myanmar","Asia","Medium",2012,5.845033545
"Myanmar","Asia","Medium",2013,5.845033545
"Myanmar","Asia","Medium",2014,5.845033545
"Myanmar","Asia","Medium",2015,5.845033545
"Montenegro","Europe","Very High",2010,12.555
"Montenegro","Europe","Very High",2013,13.61438
"Montenegro","Europe","Very High",2014,13.61438
"Montenegro","Europe","Very High",2015,13.61438
"Montenegro","Europe","Very High",2016,13.61438
"Montenegro","Europe","Very High",2017,13.61438
"Montenegro","Europe","Very High",2018,16.92405
"Montenegro","Europe","Very High",2019,16.92405
"Montenegro","Europe","Very High",2020,16.92405
"Montenegro","Europe","Very High",2021,16.92405
"Mongolia","Asia","High",2010,19.67087
"Mongolia","Asia","High",2014,15.7
"Mongolia","Asia","High",2015,15.7
"Mongolia","Asia","High",2016,15.7
"Mongolia","Asia","High",2017,15.7
"Mongolia","Asia","High",2018,16.94628
"Mongolia","Asia","High",2019,16.94628
"Mongolia","Asia","High",2020,16.94628
"Mongolia","Asia","High",2021,16.94628
"Mozambique","Africa","Low",2010,37.01801
"Mozambique","Africa","Low",2011,28.39454
"Mozambique","Africa","Low",2012,28.39454
"Mozambique","Africa","Low",2013,28.39454
"Mozambique","Africa","Low",2014,28.39454
"Mozambique","Africa","Low",2015,28.39454
"Mozambique","Africa","Low",2016,28.39454
"Mozambique","Africa","Low",2017,28.39454
"Mozambique","Africa","Low",2018,28.39454
"Mozambique","Africa","Low",2019,28.39454
"Mozambique","Africa","Low",2020,28.39454
"Mozambique","Africa","Low",2021,28.39454
"Mauritania","Africa","Medium",2010,23.78016
"Mauritania","Africa","Medium",2011,24.61075
"Mauritania","Africa","Medium",2012,24.61075
"Mauritania","Africa","Medium",2013,24.61075
"Mauritania","Africa","Medium",2014,24.61075
"Mauritania","Africa","Medium",2015,24.61075
"Mauritania","Africa","Medium",2016,24.61075
"Mauritania","Africa","Medium",2020,17.33987
"Mauritania","Africa","Medium",2021,17.33987
"Mauritius","Africa","Very High",2012,18.18098242
"Mauritius","Africa","Very High",2013,18.18098242
"Mauritius","Africa","Very High",2014,18.18098242
"Mauritius","Africa","Very High",2015,18.18098242
"Mauritius","Africa","Very High",2016,18.18098242
"Mauritius","Africa","Very High",2017,18.18098242
"Mauritius","Africa","Very High",2018,18.18098242
"Mauritius","Africa","Very High",2019,18.18098242
"Mauritius","Africa","Very High",2020,18.18098242
"Mauritius","Africa","Very High",2021,18.18098242
"Malawi","Africa","Low",2010,23.11335
"Malawi","Africa","Low",2011,23.11335
"Malawi","Africa","Low",2012,27.68067
"Malawi","Africa","Low",2013,27.68067
"Malawi","Africa","Low",2014,32.50092
"Malawi","Africa","Low",2015,32.50092
"Malawi","Africa","Low",2016,32.4
"Malawi","Africa","Low",2017,32.4
"Malawi","Africa","Low",2018,32.4
"Malawi","Africa","Low",2019,32.4
"Malawi","Africa","Low",2020,31.27695
"Malawi","Africa","Low",2021,31.27695
"Namibia","Africa","Medium",2010,68.337
"Namibia","Africa","Medium",2011,68.337
"Namibia","Africa","Medium",2012,68.337
"Namibia","Africa","Medium",2013,53.58558
"Namibia","Africa","Medium",2014,53.58558
"Namibia","Africa","Medium",2015,53.58558
"Namibia","Africa","Medium",2016,53.58558
"Namibia","Africa","Medium",2017,53.58558
"Namibia","Africa","Medium",2018,53.58558
"Namibia","Africa","Medium",2019,53.58558
"Namibia","Africa","Medium",2020,53.58558
"Namibia","Africa","Medium",2021,53.58558
"Niger","Africa","Low",2010,21.1
"Niger","Africa","Low",2011,14.0452243
"Niger","Africa","Low",2012,14.0452243
"Niger","Africa","Low",2013,14.0452243
"Niger","Africa","Low",2014,16.43389921
"Niger","Africa","Low",2015,16.43389921
"Niger","Africa","Low",2016,16.43389921
"Niger","Africa","Low",2017,16.43389921
"Niger","Africa","Low",2018,16.43389921
"Niger","Africa","Low",2019,16.43389921
"Niger","Africa","Low",2020,16.43389921
"Niger","Africa","Low",2021,16.43389921
"Nigeria","Africa","Low",2010,34.49214
"Nigeria","Africa","Low",2011,25.2387
"Nigeria","Africa","Low",2012,25.2387
"Nigeria","Africa","Low",2013,28.39144
"Nigeria","Africa","Low",2014,28.39144
"Nigeria","Africa","Low",2015,28.5
"Nigeria","Africa","Low",2016,28.5
"Nigeria","Africa","Low",2017,28.15838
"Nigeria","Africa","Low",2018,28.05169
"Nigeria","Africa","Low",2019,28.05169
"Nigeria","Africa","Low",2020,28.05169
"Nigeria","Africa","Low",2021,28.05169
"Nicaragua","America","Medium",2010,28.280595
"Nicaragua","America","Medium",2011,28.280595
"Nicaragua","America","Medium",2012,28.280595
"Nicaragua","America","Medium",2013,28.280595
"Nicaragua","America","Medium",2014,30.693801
"Nicaragua","America","Medium",2015,30.693801
"Nicaragua","America","Medium",2016,30.693801
"Nicaragua","America","Medium",2017,30.693801
"Nicaragua","America","Medium",2018,30.693801
"Nicaragua","America","Medium",2019,30.693801
"Nicaragua","America","Medium",2020,30.693801
"Nicaragua","America","Medium",2021,30.693801
"Netherlands","Europe","Very High",2010,12.31432
"Netherlands","Europe","Very High",2011,11.84238
"Netherlands","Europe","Very High",2012,11.58106
"Netherlands","Europe","Very High",2013,11.92161
"Netherlands","Europe","Very High",2014,13.21864
"Netherlands","Europe","Very High",2015,12.65944
"Netherlands","Europe","Very High",2016,12.91624
"Netherlands","Europe","Very High",2017,12.06279
"Netherlands","Europe","Very High",2018,11.79038
"Netherlands","Europe","Very High",2019,11.79038
"Netherlands","Europe","Very High",2020,11.89275
"Netherlands","Europe","Very High",2021,11.89275
"Norway","Europe","Very High",2010,12.80549
"Norway","Europe","Very High",2011,10.66178
"Norway","Europe","Very High",2012,10.22623
"Norway","Europe","Very High",2013,10.35374
"Norway","Europe","Very High",2014,11.10429
"Norway","Europe","Very High",2015,10.98418
"Norway","Europe","Very High",2016,11.83017
"Norway","Europe","Very High",2017,12.73364
"Norway","Europe","Very High",2018,11.53728
"Norway","Europe","Very High",2019,11.53728
"Norway","Europe","Very High",2020,11.43144
"Norway","Europe","Very High",2021,11.43144
"Nepal","Asia","Medium",2011,15.12801
"Nepal","Asia","Medium",2012,15.12801
"Nepal","Asia","Medium",2013,15.12801
"Nepal","Asia","Medium",2014,13.91179
"Nepal","Asia","Medium",2015,13.91179
"Nepal","Asia","Medium",2016,16.31632
"Nepal","Asia","Medium",2017,16.31632
"Nepal","Asia","Medium",2018,16.31632
"Nepal","Asia","Medium",2019,16.31632
"Nepal","Asia","Medium",2020,16.31632
"Nepal","Asia","Medium",2021,16.31632
"New Zealand","Oceania","Very High",2011,17.89395295
"New Zealand","Oceania","Very High",2012,17.89395295
"New Zealand","Oceania","Very High",2013,15.5550993
"New Zealand","Oceania","Very High",2014,16.44939836
"New Zealand","Oceania","Very High",2015,16.44939836
"New Zealand","Oceania","Very High",2016,16.44939836
"New Zealand","Oceania","Very High",2017,16.44939836
"New Zealand","Oceania","Very High",2018,16.44939836
"New Zealand","Oceania","Very High",2019,16.44939836
"New Zealand","Oceania","Very High",2020,16.44939836
"New Zealand","Oceania","Very High",2021,16.44939836
"Oman","Asia","Very High",2011,20.08885691
"Oman","Asia","Very High",2012,20.08885691
"Oman","Asia","Very High",2013,20.08885691
"Oman","Asia","Very High",2014,20.08885691
"Oman","Asia","Very High",2015,20.08885691
"Oman","Asia","Very High",2016,20.08885691
"Oman","Asia","Very High",2017,20.08885691
"Oman","Asia","Very High",2018,20.08885691
"Oman","Asia","Very High",2019,20.08885691
"Oman","Asia","Very High",2020,20.08885691
"Oman","Asia","Very High",2021,20.08885691
"Pakistan","Asia","Low",2010,11.135
"Pakistan","Asia","Low",2011,11.135
"Pakistan","Asia","Low",2012,11.135
"Pakistan","Asia","Low",2013,11.5844
"Pakistan","Asia","Low",2014,11.5844
"Pakistan","Asia","Low",2015,11.5844
"Pakistan","Asia","Low",2016,11.5844
"Pakistan","Asia","Low",2017,17.23416
"Pakistan","Asia","Low",2018,17.23416
"Pakistan","Asia","Low",2019,17.23416
"Pakistan","Asia","Low",2020,17.23416
"Pakistan","Asia","Low",2021,17.23416
"Panama","America","Very High",2010,38.877392
"Panama","America","Very High",2011,38.307814
"Panama","America","Very High",2012,39.443256
"Panama","America","Very High",2013,38.480642
"Panama","America","Very High",2014,37.867415
"Panama","America","Very High",2015,37.731409
"Panama","America","Very High",2016,37.586143
"Panama","America","Very High",2017,36.912765
"Panama","America","Very High",2018,36.116696
"Panama","America","Very High",2019,36.569706
"Panama","America","Very High",2020,36.569706
"Panama","America","Very High",2021,36.569706
"Peru","America","High",2010,31.250345
"Peru","America","High",2011,30.39803
"Peru","America","High",2012,30.269547
"Peru","America","High",2013,29.46403
"Peru","America","High",2014,28.515106
"Peru","America","High",2015,28.662495
"Peru","America","High",2016,29.000943
"Peru","America","High",2017,28.568666
"Peru","America","High",2018,27.311426
"Peru","America","High",2019,26.300654
"Peru","America","High",2020,26.300654
"Peru","America","High",2021,26.300654
"Philippines","Asia","Medium",2010,29.98014
"Philippines","Asia","Medium",2011,29.98014
"Philippines","Asia","Medium",2012,29.98014
"Philippines","Asia","Medium",2013,26.78594
"Philippines","Asia","Medium",2014,26.78594
"Philippines","Asia","Medium",2015,26.78594
"Philippines","Asia","Medium",2016,26.78594
"Philippines","Asia","Medium",2017,28.09546
"Philippines","Asia","Medium",2018,28.09546
"Philippines","Asia","Medium",2019,28.09546
"Philippines","Asia","Medium",2020,28.09546
"Philippines","Asia","Medium",2021,28.09546
"Palau","Oceania","High",2010,23.035
"Palau","Oceania","High",2011,23.035
"Papua New Guinea","Oceania","Medium",2016,28.89932
"Papua New Guinea","Oceania","Medium",2017,28.89932
"Papua New Guinea","Oceania","Medium",2018,28.89932
"Papua New Guinea","Oceania","Medium",2019,28.89932
"Papua New Guinea","Oceania","Medium",2020,28.89932
"Papua New Guinea","Oceania","Medium",2021,28.89932
"Poland","Europe","Very High",2010,17.0568
"Poland","Europe","Very High",2011,17.89968
"Poland","Europe","Very High",2012,17.5211
"Poland","Europe","Very High",2013,17.2853
"Poland","Europe","Very High",2014,17.38732
"Poland","Europe","Very High",2015,17.38732
"Poland","Europe","Very High",2016,16.85896
"Poland","Europe","Very High",2017,14.38105
"Poland","Europe","Very High",2018,13.14542
"Poland","Europe","Very High",2019,13.14542
"Poland","Europe","Very High",2020,12.10742
"Poland","Europe","Very High",2021,12.10742
"Portugal","Europe","Very High",2010,20.81879
"Portugal","Europe","Very High",2011,19.91121
"Portugal","Europe","Very High",2012,20.34969
"Portugal","Europe","Very High",2013,20.3843
"Portugal","Europe","Very High",2014,20.55516
"Portugal","Europe","Very High",2015,20.29714
"Portugal","Europe","Very High",2016,20.22231
"Portugal","Europe","Very High",2017,18.05881
"Portugal","Europe","Very High",2018,16.50867
"Portugal","Europe","Very High",2019,16.50867
"Portugal","Europe","Very High",2020,15.46189
"Portugal","Europe","Very High",2021,15.46189
"Paraguay","America","High",2010,37.744469
"Paraguay","America","High",2011,39.391454
"Paraguay","America","High",2012,33.496745
"Paraguay","America","High",2013,33.348347
"Paraguay","America","High",2014,36.867216
"Paraguay","America","High",2015,32.986751
"Paraguay","America","High",2016,33.109204
"Paraguay","America","High",2017,34.15507
"Paraguay","America","High",2018,31.289717
"Paraguay","America","High",2019,30.441064
"Paraguay","America","High",2020,30.441064
"Paraguay","America","High",2021,30.441064
"Palestine, State of","Asia","High",2011,30.32
"Palestine, State of","Asia","High",2012,28.41
"Palestine, State of","Asia","High",2013,28.41
"Palestine, State of","Asia","High",2014,28.41
"Palestine, State of","Asia","High",2015,28.41
"Palestine, State of","Asia","High",2016,28.41
"Palestine, State of","Asia","High",2017,31.64
"Palestine, State of","Asia","High",2018,31.64
"Palestine, State of","Asia","High",2019,31.64
"Palestine, State of","Asia","High",2020,31.64
"Palestine, State of","Asia","High",2021,31.64
"Romania","Europe","Very High",2010,22.24504
"Romania","Europe","Very High",2011,17.3499
"Romania","Europe","Very High",2012,17.13169
"Romania","Europe","Very High",2013,16.1572
"Romania","Europe","Very High",2014,18.66331
"Romania","Europe","Very High",2015,18.66331
"Romania","Europe","Very High",2016,19.01055
"Romania","Europe","Very High",2017,20.73769
"Romania","Europe","Very High",2018,22.52086
"Romania","Europe","Very High",2019,22.52086
"Romania","Europe","Very High",2020,20.89714
"Romania","Europe","Very High",2021,20.89714
"Russian Federation","Europe","Very High",2010,19.161
"Russian Federation","Europe","Very High",2011,20.827
"Russian Federation","Europe","Very High",2012,20.827
"Russian Federation","Europe","Very High",2013,19.444
"Russian Federation","Europe","Very High",2014,19.138
"Russian Federation","Europe","Very High",2015,18.673
"Russian Federation","Europe","Very High",2016,18.664
"Russian Federation","Europe","Very High",2017,17.934
"Russian Federation","Europe","Very High",2018,17.643
"Russian Federation","Europe","Very High",2019,17.645
"Russian Federation","Europe","Very High",2020,17.645
"Russian Federation","Europe","Very High",2021,17.645
"Rwanda","Africa","Low",2010,30.24238
"Rwanda","Africa","Low",2011,30.24238
"Rwanda","Africa","Low",2012,30.24238
"Rwanda","Africa","Low",2013,35.17475
"Rwanda","Africa","Low",2014,35.17475
"Rwanda","Africa","Low",2015,36.39382
"Rwanda","Africa","Low",2016,36.39382
"Rwanda","Africa","Low",2017,36.39382
"Rwanda","Africa","Low",2018,36.39382
"Rwanda","Africa","Low",2019,36.39382
"Rwanda","Africa","Low",2020,27.19248
"Rwanda","Africa","Low",2021,27.19248
"Sudan","Africa","Low",2010,21.21147
"Sudan","Africa","Low",2011,21.21147
"Sudan","Africa","Low",2012,21.21147
"Sudan","Africa","Low",2013,21.21147
"Sudan","Africa","Low",2014,33
"Sudan","Africa","Low",2015,33
"Sudan","Africa","Low",2016,33
"Sudan","Africa","Low",2017,33
"Sudan","Africa","Low",2018,33
"Sudan","Africa","Low",2019,33
"Sudan","Africa","Low",2020,33
"Sudan","Africa","Low",2021,33
"Senegal","Africa","Low",2010,26.382
"Senegal","Africa","Low",2011,26.382
"Senegal","Africa","Low",2012,26.382
"Senegal","Africa","Low",2013,26.382
"Senegal","Africa","Low",2014,26.382
"Senegal","Africa","Low",2015,26.382
"Senegal","Africa","Low",2016,26.382
"Senegal","Africa","Low",2017,26.382
"Senegal","Africa","Low",2018,23.384
"Senegal","Africa","Low",2019,23.384
"Senegal","Africa","Low",2020,23.384
"Senegal","Africa","Low",2021,23.384
"Singapore","Asia","Very High",2010,23.25344363
"Singapore","Asia","Very High",2011,24.56767753
"Singapore","Asia","Very High",2012,24.96040064
"Singapore","Asia","Very High",2013,24.96040064
"Singapore","Asia","Very High",2014,24.96040064
"Singapore","Asia","Very High",2015,24.96040064
"Singapore","Asia","Very High",2016,24.96040064
"Singapore","Asia","Very High",2017,24.96040064
"Singapore","Asia","Very High",2018,24.96040064
"Singapore","Asia","Very High",2019,24.96040064
"Singapore","Asia","Very High",2020,24.96040064
"Singapore","Asia","Very High",2021,24.96040064
"Solomon Islands","Oceania","Medium",2010,26.315
"Sierra Leone","Africa","Low",2010,17.69402
"Sierra Leone","Africa","Low",2011,17.69402
"Sierra Leone","Africa","Low",2012,17.69402
"Sierra Leone","Africa","Low",2013,19.22054
"Sierra Leone","Africa","Low",2014,19.22054
"Sierra Leone","Africa","Low",2015,19.22054
"Sierra Leone","Africa","Low",2016,19.22054
"Sierra Leone","Africa","Low",2017,17.73822
"Sierra Leone","Africa","Low",2018,17.73822
"Sierra Leone","Africa","Low",2019,19.85569
"Sierra Leone","Africa","Low",2020,19.85569
"Sierra Leone","Africa","Low",2021,19.85569
"El Salvador","America","Medium",2010,27.842098
"El Salvador","America","Medium",2011,26.295309
"El Salvador","America","Medium",2012,25.859547
"El Salvador","America","Medium",2013,27.609213
"El Salvador","America","Medium",2014,25.422641
"El Salvador","America","Medium",2015,24.293636
"El Salvador","America","Medium",2016,23.937419
"El Salvador","America","Medium",2017,21.811224
"El Salvador","America","Medium",2018,22.43198
"El Salvador","America","Medium",2019,22.481244
"El Salvador","America","Medium",2020,22.481244
"El Salvador","America","Medium",2021,22.481244
"Somalia","Africa",NA,2016,24.35
"Somalia","Africa",NA,2017,24.35
"Somalia","Africa",NA,2018,24.35
"Somalia","Africa",NA,2019,24.35
"Somalia","Africa",NA,2020,24.35
"Somalia","Africa",NA,2021,24.35
"Serbia","Europe","Very High",2013,23.68371
"Serbia","Europe","Very High",2014,24.3569
"Serbia","Europe","Very High",2015,23.37078
"Serbia","Europe","Very High",2016,23.18535
"Serbia","Europe","Very High",2017,28.08094
"Serbia","Europe","Very High",2018,23.65848
"Serbia","Europe","Very High",2019,23.65848
"Serbia","Europe","Very High",2020,18.49592
"Serbia","Europe","Very High",2021,18.49592
"South Sudan","Africa","Low",2010,32.25296
"South Sudan","Africa","Low",2011,32.25296
"South Sudan","Africa","Low",2012,32.25296
"South Sudan","Africa","Low",2013,32.25296
"South Sudan","Africa","Low",2014,32.25296
"South Sudan","Africa","Low",2015,32.25296
"South Sudan","Africa","Low",2016,32.25296
"South Sudan","Africa","Low",2017,32.25296
"South Sudan","Africa","Low",2018,32.25296
"South Sudan","Africa","Low",2019,32.25296
"South Sudan","Africa","Low",2020,32.25296
"South Sudan","Africa","Low",2021,32.25296
"Sao Tome and Principe","Africa","Medium",2014,14.89161
"Sao Tome and Principe","Africa","Medium",2015,14.89161
"Sao Tome and Principe","Africa","Medium",2016,14.89161
"Sao Tome and Principe","Africa","Medium",2017,14.89161
"Sao Tome and Principe","Africa","Medium",2018,14.89161
"Sao Tome and Principe","Africa","Medium",2019,26.209
"Sao Tome and Principe","Africa","Medium",2020,26.209
"Sao Tome and Principe","Africa","Medium",2021,26.209
"Suriname","America","High",2010,37.32015
"Suriname","America","High",2011,37.32015
"Suriname","America","High",2012,37.32015
"Suriname","America","High",2013,37.32015
"Suriname","America","High",2014,37.32015
"Suriname","America","High",2015,37.32015
"Suriname","America","High",2018,46.69631
"Suriname","America","High",2019,46.69631
"Suriname","America","High",2020,46.69631
"Suriname","America","High",2021,46.69631
"Slovakia","Europe","Very High",2010,11.32483
"Slovakia","Europe","Very High",2011,11.45688
"Slovakia","Europe","Very High",2012,11.30804
"Slovakia","Europe","Very High",2013,11.15959
"Slovakia","Europe","Very High",2014,13.24679
"Slovakia","Europe","Very High",2015,13.24679
"Slovakia","Europe","Very High",2016,12.31767
"Slovakia","Europe","Very High",2017,11.33007
"Slovakia","Europe","Very High",2018,11.33007
"Slovakia","Europe","Very High",2019,11.33007
"Slovakia","Europe","Very High",2020,9.06554
"Slovakia","Europe","Very High",2021,9.06554
"Slovenia","Europe","Very High",2010,9.90261
"Slovenia","Europe","Very High",2011,10.61874
"Slovenia","Europe","Very High",2012,10.98858
"Slovenia","Europe","Very High",2013,11.33414
"Slovenia","Europe","Very High",2014,11.81318
"Slovenia","Europe","Very High",2015,11.17606
"Slovenia","Europe","Very High",2016,10.95858
"Slovenia","Europe","Very High",2017,9.13394
"Slovenia","Europe","Very High",2018,8.59101
"Slovenia","Europe","Very High",2019,8.59101
"Slovenia","Europe","Very High",2020,8.30524
"Slovenia","Europe","Very High",2021,8.30524
"Sweden","Europe","Very High",2010,11.2336
"Sweden","Europe","Very High",2011,12.3895
"Sweden","Europe","Very High",2012,13.06043
"Sweden","Europe","Very High",2013,12.72093
"Sweden","Europe","Very High",2014,13.78127
"Sweden","Europe","Very High",2015,13.78127
"Sweden","Europe","Very High",2016,13.53804
"Sweden","Europe","Very High",2017,13.01092
"Sweden","Europe","Very High",2018,12.58113
"Sweden","Europe","Very High",2019,12.58113
"Sweden","Europe","Very High",2020,12.77164
"Sweden","Europe","Very High",2021,12.77164
"Eswatini","Africa","Medium",2010,37.55508
"Eswatini","Africa","Medium",2011,37.55508
"Eswatini","Africa","Medium",2012,37.55508
"Eswatini","Africa","Medium",2013,37.55508
"Eswatini","Africa","Medium",2014,37.9
"Eswatini","Africa","Medium",2015,37.9
"Eswatini","Africa","Medium",2016,37.9
"Eswatini","Africa","Medium",2017,37.9
"Eswatini","Africa","Medium",2018,37.9
"Eswatini","Africa","Medium",2019,37.9
"Eswatini","Africa","Medium",2020,37.9
"Eswatini","Africa","Medium",2021,37.9
"Seychelles","Africa","High",2013,29.34535638
"Seychelles","Africa","High",2014,29.34535638
"Seychelles","Africa","High",2015,29.34535638
"Seychelles","Africa","High",2016,29.34535638
"Seychelles","Africa","High",2017,29.34535638
"Seychelles","Africa","High",2018,29.34535638
"Seychelles","Africa","High",2019,29.34535638
"Seychelles","Africa","High",2020,29.34535638
"Seychelles","Africa","High",2021,29.34535638
"Syrian Arab Republic","Asia","Medium",2010,18.31698
"Syrian Arab Republic","Asia","Medium",2011,18.31698
"Chad","Africa","Low",2010,30.72892
"Chad","Africa","Low",2011,30.72892
"Chad","Africa","Low",2012,30.72892
"Chad","Africa","Low",2013,30.72892
"Chad","Africa","Low",2014,30.72892
"Chad","Africa","Low",2015,28.4
"Chad","Africa","Low",2016,28.4
"Chad","Africa","Low",2017,28.4
"Chad","Africa","Low",2018,28.4
"Chad","Africa","Low",2019,26.50219
"Chad","Africa","Low",2020,26.50219
"Chad","Africa","Low",2021,26.50219
"Togo","Africa","Low",2010,23.51791
"Togo","Africa","Low",2011,23.51791
"Togo","Africa","Low",2012,23.51791
"Togo","Africa","Low",2013,23.51791
"Togo","Africa","Low",2014,25.10903
"Togo","Africa","Low",2015,25.10903
"Togo","Africa","Low",2016,25.10903
"Togo","Africa","Low",2017,26.85326
"Togo","Africa","Low",2018,26.85326
"Togo","Africa","Low",2019,26.85326
"Togo","Africa","Low",2020,26.85326
"Togo","Africa","Low",2021,26.85326
"Thailand","Asia","Very High",2010,27.60673
"Thailand","Asia","Very High",2013,23.81426
"Thailand","Asia","Very High",2014,23.81426
"Thailand","Asia","Very High",2015,23.81426
"Thailand","Asia","Very High",2016,23.81426
"Thailand","Asia","Very High",2017,23.81426
"Thailand","Asia","Very High",2018,23.81426
"Thailand","Asia","Very High",2019,18.7899
"Thailand","Asia","Very High",2020,18.7899
"Thailand","Asia","Very High",2021,18.7899
"Tajikistan","Asia","Medium",2012,12.18062
"Tajikistan","Asia","Medium",2013,12.18062
"Tajikistan","Asia","Medium",2014,12.18062
"Tajikistan","Asia","Medium",2015,12.18062
"Tajikistan","Asia","Medium",2016,12.18062
"Tajikistan","Asia","Medium",2017,14.4674
"Tajikistan","Asia","Medium",2018,14.4674
"Tajikistan","Asia","Medium",2019,14.4674
"Tajikistan","Asia","Medium",2020,14.4674
"Tajikistan","Asia","Medium",2021,14.4674
"Turkmenistan","Asia","High",2010,24.98809
"Turkmenistan","Asia","High",2011,24.98809
"Turkmenistan","Asia","High",2016,26.8
"Turkmenistan","Asia","High",2017,26.8
"Turkmenistan","Asia","High",2018,26.8
"Turkmenistan","Asia","High",2019,26.20491
"Turkmenistan","Asia","High",2020,26.20491
"Turkmenistan","Asia","High",2021,26.20491
"Timor-Leste","Asia","Medium",2010,17.81977
"Timor-Leste","Asia","Medium",2011,17.81977
"Timor-Leste","Asia","Medium",2012,17.81977
"Timor-Leste","Asia","Medium",2013,17.81977
"Timor-Leste","Asia","Medium",2014,17.81977
"Timor-Leste","Asia","Medium",2015,17.81977
"Timor-Leste","Asia","Medium",2016,13.58745
"Timor-Leste","Asia","Medium",2017,13.58745
"Timor-Leste","Asia","Medium",2018,13.58745
"Timor-Leste","Asia","Medium",2019,13.58745
"Timor-Leste","Asia","Medium",2020,13.58745
"Timor-Leste","Asia","Medium",2021,13.58745
"Tonga","Oceania","High",2019,18.24092
"Tonga","Oceania","High",2020,18.24092
"Tonga","Oceania","High",2021,18.24092
"Trinidad and Tobago","America","Very High",2010,21.94
"Trinidad and Tobago","America","Very High",2011,21.94
"Tunisia","Africa","High",2012,18.85424
"Tunisia","Africa","High",2013,18.85424
"Tunisia","Africa","High",2014,18.85424
"Tunisia","Africa","High",2015,18.85424
"Tunisia","Africa","High",2016,18.85424
"Tunisia","Africa","High",2017,18.85424
"Tunisia","Africa","High",2018,16.88955
"Tunisia","Africa","High",2019,16.88955
"Tunisia","Africa","High",2020,16.88955
"Tunisia","Africa","High",2021,16.88955
"Turkey","Asia","Very High",2010,21.89996908
"Turkey","Asia","Very High",2011,23.09223585
"Turkey","Asia","Very High",2012,23.1446627
"Turkey","Asia","Very High",2013,23.07928288
"Turkey","Asia","Very High",2014,23.07928288
"Turkey","Asia","Very High",2015,23.07928288
"Turkey","Asia","Very High",2016,23.07928288
"Turkey","Asia","Very High",2017,23.07928288
"Turkey","Asia","Very High",2018,23.07928288
"Turkey","Asia","Very High",2019,23.07928288
"Turkey","Asia","Very High",2020,23.07928288
"Turkey","Asia","Very High",2021,23.07928288
"Tuvalu","Oceania","Medium",2010,23.35938341
"Tuvalu","Oceania","Medium",2011,23.35938341
"Tuvalu","Oceania","Medium",2012,23.35938341
"Tuvalu","Oceania","Medium",2013,23.35938341
"Tuvalu","Oceania","Medium",2014,23.35938341
"Tuvalu","Oceania","Medium",2015,23.35938341
"Tuvalu","Oceania","Medium",2020,22.94714
"Tuvalu","Oceania","Medium",2021,22.94714
"Tanzania","Africa","Low",2010,20.88408
"Tanzania","Africa","Low",2011,20.88408
"Tanzania","Africa","Low",2012,22.72846
"Tanzania","Africa","Low",2013,22.72846
"Tanzania","Africa","Low",2014,22.72846
"Tanzania","Africa","Low",2015,22.72846
"Tanzania","Africa","Low",2016,22.4
"Tanzania","Africa","Low",2017,22.4
"Tanzania","Africa","Low",2018,22.4
"Tanzania","Africa","Low",2019,22.4
"Tanzania","Africa","Low",2020,22.4
"Tanzania","Africa","Low",2021,22.4
"Uganda","Africa","Low",2012,23.29338571
"Uganda","Africa","Low",2013,23.29338571
"Uganda","Africa","Low",2014,23.29338571
"Uganda","Africa","Low",2015,23.29338571
"Uganda","Africa","Low",2016,23.29338571
"Uganda","Africa","Low",2017,24.94038796
"Uganda","Africa","Low",2018,24.94038796
"Uganda","Africa","Low",2019,24.94038796
"Uganda","Africa","Low",2020,24.94038796
"Uganda","Africa","Low",2021,24.94038796
"Ukraine","Europe","High",2010,9.023161435
"Ukraine","Europe","High",2011,8.854335766
"Ukraine","Europe","High",2012,8.960416954
"Ukraine","Europe","High",2013,8.884698945
"Ukraine","Europe","High",2014,8.524722702
"Ukraine","Europe","High",2015,8.524722702
"Ukraine","Europe","High",2016,8.524722702
"Ukraine","Europe","High",2017,8.524722702
"Ukraine","Europe","High",2018,8.524722702
"Ukraine","Europe","High",2019,8.524722702
"Ukraine","Europe","High",2020,8.524722702
"Ukraine","Europe","High",2021,8.524722702
"Uruguay","America","Very High",2010,28.734225
"Uruguay","America","Very High",2011,26.32497
"Uruguay","America","Very High",2012,24.063041
"Uruguay","America","Very High",2013,24.660035
"Uruguay","America","Very High",2014,24.294552
"Uruguay","America","Very High",2015,24.352623
"Uruguay","America","Very High",2016,23.698562
"Uruguay","America","Very High",2017,23.357915
"Uruguay","America","Very High",2018,23.545822
"Uruguay","America","Very High",2019,23.543408
"Uruguay","America","Very High",2020,23.543408
"Uruguay","America","Very High",2021,23.543408
"United States","America","Very High",2010,24.539
"United States","America","Very High",2011,24.91
"United States","America","Very High",2012,24.964
"United States","America","Very High",2013,24.645
"United States","America","Very High",2014,26.434
"United States","America","Very High",2015,25.892
"United States","America","Very High",2016,25.817
"United States","America","Very High",2017,26.285
"United States","America","Very High",2018,26.02
"United States","America","Very High",2019,26.002
"United States","America","Very High",2020,23.222
"United States","America","Very High",2021,23.222
"Uzbekistan","Asia","High",2010,20.07272
"Uzbekistan","Asia","High",2011,20.07272
"Venezuela","America","Medium",2010,19.4
"Venezuela","America","Medium",2011,20.1
"Venezuela","America","Medium",2012,21.8
"Venezuela","America","Medium",2013,21.8
"Venezuela","America","Medium",2014,21
"Venezuela","America","Medium",2015,21
"Venezuela","America","Medium",2016,21
"Venezuela","America","Medium",2017,21
"Venezuela","America","Medium",2018,21
"Venezuela","America","Medium",2019,21
"Venezuela","America","Medium",2020,21
"Venezuela","America","Medium",2021,21
"Viet Nam","Asia","High",2010,21.9935
"Viet Nam","Asia","High",2011,21.9935
"Viet Nam","Asia","High",2012,21.9935
"Viet Nam","Asia","High",2013,21.43403
"Viet Nam","Asia","High",2014,21.43403
"Viet Nam","Asia","High",2015,21.43403
"Viet Nam","Asia","High",2016,21.43403
"Viet Nam","Asia","High",2017,21.43403
"Viet Nam","Asia","High",2018,21.43403
"Viet Nam","Asia","High",2019,21.43403
"Viet Nam","Asia","High",2020,14.60094
"Viet Nam","Asia","High",2021,14.60094
"Vanuatu","Oceania","Medium",2010,19.68256999
"Vanuatu","Oceania","Medium",2011,19.68256999
"Vanuatu","Oceania","Medium",2012,19.68256999
"Vanuatu","Oceania","Medium",2013,19.68256999
"Vanuatu","Oceania","Medium",2014,19.68256999
"Vanuatu","Oceania","Medium",2015,19.68256999
"Vanuatu","Oceania","Medium",2016,19.68256999
"Vanuatu","Oceania","Medium",2017,19.68256999
"Vanuatu","Oceania","Medium",2018,19.68256999
"Vanuatu","Oceania","Medium",2019,19.68256999
"Vanuatu","Oceania","Medium",2020,19.68256999
"Vanuatu","Oceania","Medium",2021,19.68256999
"Samoa","Oceania","High",2020,21.87008
"Samoa","Oceania","High",2021,21.87008
"Yemen","Asia","Low",2010,20.57543
"Yemen","Asia","Low",2011,20.57543
"Yemen","Asia","Low",2012,20.57543
"Yemen","Asia","Low",2013,21.80323
"Yemen","Asia","Low",2014,21.80323
"Yemen","Asia","Low",2015,21.80323
"Yemen","Asia","Low",2016,21.80323
"Yemen","Asia","Low",2017,21.80323
"Yemen","Asia","Low",2018,21.80323
"Yemen","Asia","Low",2019,21.80323
"Yemen","Asia","Low",2020,21.80323
"Yemen","Asia","Low",2021,21.80323
"South Africa","Africa","High",2010,57.268
"South Africa","Africa","High",2011,57.268
"South Africa","Africa","High",2012,54.705
"South Africa","Africa","High",2013,54.705
"South Africa","Africa","High",2014,54.705
"South Africa","Africa","High",2015,56.124
"South Africa","Africa","High",2016,56.124
"South Africa","Africa","High",2017,56.996
"South Africa","Africa","High",2018,56.996
"South Africa","Africa","High",2019,56.996
"South Africa","Africa","High",2020,56.996
"South Africa","Africa","High",2021,56.996
"Zambia","Africa","Medium",2010,42.62731
"Zambia","Africa","Medium",2011,42.62731
"Zambia","Africa","Medium",2012,42.62731
"Zambia","Africa","Medium",2013,42.62731
"Zambia","Africa","Medium",2014,48.55829
"Zambia","Africa","Medium",2015,48.55829
"Zambia","Africa","Medium",2016,48.55829
"Zambia","Africa","Medium",2017,48.55829
"Zambia","Africa","Medium",2018,44.84022
"Zambia","Africa","Medium",2019,44.84022
"Zambia","Africa","Medium",2020,44.84022
"Zambia","Africa","Medium",2021,44.84022
"Zimbabwe","Africa","Medium",2010,34.48
"Zimbabwe","Africa","Medium",2011,35.7758
"Zimbabwe","Africa","Medium",2012,35.7758
"Zimbabwe","Africa","Medium",2013,35.7758
"Zimbabwe","Africa","Medium",2014,35.7758
"Zimbabwe","Africa","Medium",2015,27.01627
"Zimbabwe","Africa","Medium",2016,27.01627
"Zimbabwe","Africa","Medium",2017,27.01627
"Zimbabwe","Africa","Medium",2018,27.01627
"Zimbabwe","Africa","Medium",2019,28.76901
"Zimbabwe","Africa","Medium",2020,28.76901
"Zimbabwe","Africa","Medium",2021,28.76901
